AKIA4RDJMLVWE7QQZM01,aSUtuhFanmcOKpC4EiY5aCK3ayTPvl3SV5xnc101
AKIA4RDJMLVWE7QQZM02,aSUtuhFanmcOKpC4EiY5aCK3ayTPvl3SV5xnc102
AKIA4RDJMLVWE7QQZM03,aSUtuhFanmcOKpC4EiY5aCK3ayTPvl3SV5xnc103
AKIA4RDJMLVWE7QQZM04,aSUtuhFanmcOKpC4EiY5aCK3ayTPvl3SV5xnc104
AKIA4RDJMLVWE7QQZM05,aSUtuhFanmcOKpC4EiY5aCK3ayTPvl3SV5xnc105
AKIA4RDJMLVWE7QQZM06,aSUtuhFanmcOKpC4EiY5aCK3ayTPvl3SV5xnc106
AKIA4RDJMLVWE7QQZM07,aSUtuhFanmcOKpC4EiY5aCK3ayTPvl3SV5xnc107
AKIA4RDJMLVWE7QQZM08,aSUtuhFanmcOKpC4EiY5aCK3ayTPvl3SV5xnc108
AKIA4RDJMLVWE7QQZM09,aSUtuhFanmcOKpC4EiY5aCK3ayTPvl3SV5xnc109
AKIA4RDJMLVWE7QQZM10,aSUtuhFanmcOKpC4EiY5aCK3ayTPvl3SV5xnc110
AKIA4RDJMLVWE7QQZM11,aSUtuhFanmcOKpC4EiY5aCK3ayTPvl3SV5xnc111
AKIA4RDJMLVWE7QQZM12,aSUtuhFanmcOKpC4EiY5aCK3ayTPvl3SV5xnc112
AKIA4RDJMLVWE7QQZM13,aSUtuhFanmcOKpC4EiY5aCK3ayTPvl3SV5xnc113
AKIA4RDJMLVWE7QQZM14,aSUtuhFanmcOKpC4EiY5aCK3ayTPvl3SV5xnc114
AKIA4RDJMLVWE7QQZM15,aSUtuhFanmcOKpC4EiY5aCK3ayTPvl3SV5xnc115
AKIA4RDJMLVWE7QQZM16,aSUtuhFanmcOKpC4EiY5aCK3ayTPvl3SV5xnc116
AKIA4RDJMLVWE7QQZM17,aSUtuhFanmcOKpC4EiY5aCK3ayTPvl3SV5xnc117
AKIA4RDJMLVWE7QQZM18,aSUtuhFanmcOKpC4EiY5aCK3ayTPvl3SV5xnc118
AKIA4RDJMLVWE7QQZM19,aSUtuhFanmcOKpC4EiY5aCK3ayTPvl3SV5xnc119
AKIA4RDJMLVWE7QQZM20,aSUtuhFanmcOKpC4EiY5aCK3ayTPvl3SV5xnc120
AKIA4RDJMLVWE7QQZM21,aSUtuhFanmcOKpC4EiY5aCK3ayTPvl3SV5xnc121
AKIA4RDJMLVWE7QQZM22,aSUtuhFanmcOKpC4EiY5aCK3ayTPvl3SV5xnc122
AKIA4RDJMLVWE7QQZM23,aSUtuhFanmcOKpC4EiY5aCK3ayTPvl3SV5xnc123
AKIA4RDJMLVWE7QQZM24,aSUtuhFanmcOKpC4EiY5aCK3ayTPvl3SV5xnc124
AKIA4RDJMLVWE7QQZM25,aSUtuhFanmcOKpC4EiY5aCK3ayTPvl3SV5xnc125